Date,Open,High,Low,Close,Adj Close,Volume
19-08-2016,701.549988,701.549988,701.549988,701.549988,699.382935,0
22-08-2016,701.549988,701.549988,701.549988,701.549988,699.382935,0
23-08-2016,701.549988,701.549988,701.549988,701.549988,699.382935,0
24-08-2016,701.549988,701.549988,701.549988,701.549988,699.382935,0
25-08-2016,701.549988,701.549988,701.549988,701.549988,699.382935,0
26-08-2016,701.549988,701.549988,701.549988,701.549988,699.382935,0
29-08-2016,701.549988,701.549988,701.549988,701.549988,699.382935,0
30-08-2016,698.049988,710,695.700012,695.700012,693.551025,300
31-08-2016,701,701,696,696,693.850098,100
01-09-2016,696,696,696,696,693.850098,0
02-09-2016,696,696,696,696,693.850098,0
06-09-2016,696,696,696,696,693.850098,0
07-09-2016,696,696,696,696,693.850098,0
08-09-2016,696,696,696,696,693.850098,0
09-09-2016,697,697,689,694.950012,692.803345,100
12-09-2016,694.950012,694.950012,694.950012,694.950012,692.803345,0
13-09-2016,694.950012,694.950012,694.950012,694.950012,692.803345,0
14-09-2016,694.950012,694.950012,694.950012,694.950012,692.803345,0
15-09-2016,699,699,699,699,696.84082,100
16-09-2016,696,696,696,696,693.850098,100
19-09-2016,696,696,696,696,693.850098,0
20-09-2016,696,696,696,696,693.850098,0
21-09-2016,696,696,696,696,693.850098,0
22-09-2016,696,696,696,696,693.850098,0
23-09-2016,696,696,696,696,693.850098,0
26-09-2016,696,696,696,696,693.850098,0
27-09-2016,696,696,696,696,693.850098,0
28-09-2016,696,696,696,696,693.850098,0
29-09-2016,696,696,696,696,693.850098,0
30-09-2016,696,696,696,696,693.850098,0
03-10-2016,708,708,691.5,691.5,689.364014,100
04-10-2016,691.5,691.5,691.5,691.5,689.364014,0
05-10-2016,691.5,691.5,691.5,691.5,689.364014,0
06-10-2016,691.5,691.5,691.5,691.5,689.364014,0
07-10-2016,691.5,691.5,691.5,691.5,689.364014,0
10-10-2016,694,694,694,694,691.856262,100
11-10-2016,694,694,694,694,691.856262,0
12-10-2016,694,694,694,694,691.856262,0
13-10-2016,694,694,694,694,691.856262,0
14-10-2016,694,694,694,694,691.856262,0
17-10-2016,694,694,694,694,691.856262,0
18-10-2016,694,694,694,694,691.856262,0
19-10-2016,680,681,680,681,678.896423,100
20-10-2016,681,681,681,681,678.896423,0
21-10-2016,679.969971,680,679.969971,680,677.899536,100
24-10-2016,680,680,680,680,677.899536,0
25-10-2016,680,680,680,680,677.899536,0
26-10-2016,682,682,682,682,679.893311,100
27-10-2016,683,683,683,683,680.890259,100
28-10-2016,671.75,671.75,671.75,671.75,669.674988,100
31-10-2016,686.419983,686.419983,686.299988,686.299988,684.180054,100
01-11-2016,686.299988,686.299988,686.299988,686.299988,684.180054,0
02-11-2016,686.299988,686.299988,686.299988,686.299988,684.180054,0
03-11-2016,686.299988,686.299988,686.299988,686.299988,684.180054,0
04-11-2016,686.299988,686.299988,686.299988,686.299988,684.180054,0
07-11-2016,686.299988,686.299988,686.299988,686.299988,684.180054,0
08-11-2016,686.299988,686.299988,686.299988,686.299988,684.180054,0
09-11-2016,686.299988,686.299988,686.299988,686.299988,684.180054,0
10-11-2016,686.299988,686.299988,686.299988,686.299988,684.180054,0
11-11-2016,686.299988,686.299988,686.299988,686.299988,684.180054,0
14-11-2016,667.349976,667.5,667.349976,667.5,665.43811,100
15-11-2016,656.200012,656.200012,656.200012,656.200012,654.173035,100
16-11-2016,656.200012,656.200012,656.200012,656.200012,654.173035,0
17-11-2016,656.200012,656.200012,656.200012,656.200012,654.173035,0
18-11-2016,656.200012,656.200012,656.200012,656.200012,654.173035,0
21-11-2016,656.200012,656.200012,656.200012,656.200012,654.173035,0
22-11-2016,656.200012,656.200012,656.200012,656.200012,654.173035,0
23-11-2016,652.400024,652.400024,652.400024,652.400024,650.384766,100
25-11-2016,652.400024,652.400024,652.400024,652.400024,650.384766,0
28-11-2016,653,656.900024,653,656.900024,654.870911,100
29-11-2016,656.900024,656.900024,656.900024,656.900024,654.870911,0
30-11-2016,656.900024,656.900024,656.900024,656.900024,654.870911,0
01-12-2016,656.900024,656.900024,656.900024,656.900024,654.870911,0
02-12-2016,656.900024,656.900024,656.900024,656.900024,654.870911,0
05-12-2016,647.400024,647.400024,647.400024,647.400024,645.400208,100
06-12-2016,643,643,642.900024,642.900024,640.914124,200
07-12-2016,642.900024,642.900024,642.900024,642.900024,640.914124,0
08-12-2016,642.900024,642.900024,642.900024,642.900024,640.914124,0
09-12-2016,642.900024,642.900024,642.900024,642.900024,640.914124,0
12-12-2016,642.900024,642.900024,642.900024,642.900024,640.914124,0
13-12-2016,642.900024,642.900024,642.900024,642.900024,640.914124,0
14-12-2016,650,654.049988,638.700012,654.049988,652.029663,100
15-12-2016,654.049988,654.049988,654.049988,654.049988,652.029663,0
16-12-2016,637.299988,644.450012,637.299988,644.450012,642.459351,100
19-12-2016,644.450012,644.450012,644.450012,644.450012,642.459351,0
20-12-2016,642.349976,643.049988,642.349976,643.049988,641.06366,100
21-12-2016,646.5,654,646.5,654,651.979797,100
22-12-2016,654,654,654,654,651.979797,0
23-12-2016,654,654,654,654,651.979797,0
27-12-2016,658.75,658.75,658.75,658.75,656.715149,100
28-12-2016,645,645,645,645,643.007629,100
29-12-2016,645,645,645,645,643.007629,0
30-12-2016,645,645,645,645,643.007629,0
03-01-2017,645,645,645,645,643.007629,0
04-01-2017,645,645,645,645,643.007629,0
05-01-2017,645,645,645,645,643.007629,0
06-01-2017,670.549988,670.549988,670.549988,670.549988,668.478699,100
09-01-2017,670.549988,670.549988,670.549988,670.549988,668.478699,0
10-01-2017,696.919983,697.049988,696.919983,697.049988,694.896851,100
11-01-2017,684.210022,684.210022,682.799988,682.799988,680.690857,100
12-01-2017,682.799988,682.799988,682.799988,682.799988,680.690857,0
13-01-2017,682.799988,682.799988,682.799988,682.799988,680.690857,0
17-01-2017,682.799988,682.799988,682.799988,682.799988,680.690857,0
18-01-2017,682.799988,682.799988,682.799988,682.799988,680.690857,0
19-01-2017,682.799988,682.799988,682.799988,682.799988,680.690857,0
20-01-2017,696.900024,696.900024,696.900024,696.900024,694.747314,0
23-01-2017,689.950012,689.950012,686.349976,686.349976,684.229858,100
24-01-2017,694.349976,694.349976,694.349976,694.349976,692.205139,100
25-01-2017,721.5,732,721.5,732,729.738892,200
26-01-2017,732,732,732,732,729.738892,0
27-01-2017,729.5,729.5,728.5,728.5,726.249695,100
30-01-2017,728.5,728.5,728.5,728.5,726.249695,0
31-01-2017,729.450012,729.450012,724.450012,724.450012,722.212219,100
01-02-2017,724.450012,724.450012,724.450012,724.450012,722.212219,0
02-02-2017,724.450012,724.450012,724.450012,724.450012,722.212219,0
03-02-2017,724.450012,724.450012,724.450012,724.450012,722.212219,0
06-02-2017,724.450012,724.450012,724.450012,724.450012,722.212219,0
07-02-2017,724.450012,724.450012,724.450012,724.450012,722.212219,0
08-02-2017,724.450012,724.450012,724.450012,724.450012,722.212219,0
09-02-2017,724.450012,724.450012,724.450012,724.450012,722.212219,0
10-02-2017,724.450012,724.450012,724.450012,724.450012,722.212219,0
13-02-2017,712.849976,712.849976,712.849976,712.849976,710.64801,100
14-02-2017,712.849976,712.849976,712.849976,712.849976,710.64801,0
15-02-2017,712.849976,712.849976,712.849976,712.849976,710.64801,0
16-02-2017,712.849976,712.849976,712.849976,712.849976,710.64801,0
17-02-2017,712.849976,712.849976,712.849976,712.849976,710.64801,0
21-02-2017,712.849976,712.849976,712.849976,712.849976,710.64801,0
22-02-2017,712.849976,712.849976,712.849976,712.849976,710.64801,0
23-02-2017,695.75,696.450012,694.450012,696.450012,694.298706,100
24-02-2017,696.450012,696.450012,696.450012,696.450012,694.298706,0
27-02-2017,696.450012,696.450012,696.450012,696.450012,694.298706,100
28-02-2017,696.450012,696.450012,696.450012,696.450012,694.298706,0
01-03-2017,696.450012,696.450012,696.450012,696.450012,694.298706,0
02-03-2017,679.799988,679.799988,679.799988,679.799988,677.700134,100
03-03-2017,679.799988,679.799988,679.799988,679.799988,677.700134,0
06-03-2017,679.799988,679.799988,679.799988,679.799988,677.700134,0
07-03-2017,679.799988,679.799988,679.799988,679.799988,677.700134,0
08-03-2017,684,684,684,684,681.887146,100
09-03-2017,684,684,684,684,681.887146,0
10-03-2017,681.5,681.5,681.5,681.5,679.394897,100
13-03-2017,681.5,681.5,681.5,681.5,679.394897,0
14-03-2017,681.5,681.5,681.5,681.5,679.394897,0
15-03-2017,675.849976,677.200012,675.849976,677.200012,675.108154,100
16-03-2017,677.200012,677.200012,677.200012,677.200012,675.108154,0
17-03-2017,681.950012,681.950012,677,677,674.908752,100
20-03-2017,677,677,677,677,674.908752,0
21-03-2017,677,677,677,677,674.908752,0
22-03-2017,677,677,677,677,674.908752,0
23-03-2017,691,691,690,690,687.868652,100
24-03-2017,690,690,690,690,687.868652,0
27-03-2017,690,690,690,690,687.868652,0
28-03-2017,690,690,690,690,687.868652,0
29-03-2017,684.820007,684.820007,684.820007,684.820007,682.704651,100
30-03-2017,688.299988,688.299988,685.799988,687,684.877869,100
31-03-2017,691.5,691.5,691.5,691.5,689.364014,100
03-04-2017,677.599976,692,677.599976,692,689.862427,100
04-04-2017,692,692,692,692,689.862427,0
05-04-2017,687.049988,697.75,687.049988,697.75,695.594666,100
06-04-2017,697.75,697.75,697.75,697.75,695.594666,0
07-04-2017,697.75,697.75,697.75,697.75,695.594666,0
10-04-2017,697.75,697.75,697.75,697.75,695.594666,0
11-04-2017,697.75,697.75,697.75,697.75,695.594666,0
12-04-2017,697.75,697.75,697.75,697.75,695.594666,0
13-04-2017,671.150024,671.150024,671.150024,671.150024,669.076904,100
17-04-2017,671.150024,671.150024,671.150024,671.150024,669.076904,0
18-04-2017,671.150024,671.150024,671.150024,671.150024,669.076904,0
19-04-2017,695,695,695,695,692.853149,100
20-04-2017,695,695,695,695,692.853149,0
21-04-2017,695,695,695,695,692.853149,0
24-04-2017,695,695,695,695,692.853149,0
25-04-2017,695,695,695,695,692.853149,0
26-04-2017,695,695,695,695,692.853149,0
27-04-2017,695,695,695,695,692.853149,0
28-04-2017,694.450012,694.450012,694.450012,694.450012,692.304871,100
01-05-2017,694.450012,694.450012,694.450012,694.450012,692.304871,0
02-05-2017,694.450012,694.450012,694.450012,694.450012,692.304871,0
03-05-2017,694.450012,694.450012,694.450012,694.450012,692.304871,0
04-05-2017,703.799988,703.799988,703.799988,703.799988,701.625977,100
05-05-2017,703.799988,703.799988,703.799988,703.799988,701.625977,0
08-05-2017,703.799988,703.799988,703.799988,703.799988,701.625977,0
09-05-2017,703.799988,703.799988,703.799988,703.799988,701.625977,0
10-05-2017,703.799988,703.799988,703.799988,703.799988,701.625977,0
11-05-2017,703.799988,703.799988,703.799988,703.799988,703.799988,0
12-05-2017,703.799988,703.799988,703.799988,703.799988,703.799988,0
15-05-2017,703.799988,703.799988,703.799988,703.799988,703.799988,0
16-05-2017,703.799988,703.799988,703.799988,703.799988,703.799988,0
17-05-2017,703.799988,703.799988,703.799988,703.799988,703.799988,0
18-05-2017,703.799988,703.799988,703.799988,703.799988,703.799988,0
19-05-2017,703.799988,703.799988,703.799988,703.799988,703.799988,0
22-05-2017,715.900024,715.900024,715.900024,715.900024,715.900024,100
23-05-2017,715.900024,715.900024,715.900024,715.900024,715.900024,0
24-05-2017,715.900024,715.900024,715.900024,715.900024,715.900024,0
25-05-2017,715.900024,715.900024,715.900024,715.900024,715.900024,0
26-05-2017,715.900024,715.900024,715.900024,715.900024,715.900024,0
30-05-2017,715.900024,715.900024,715.900024,715.900024,715.900024,0
31-05-2017,715.900024,715.900024,715.900024,715.900024,715.900024,0
01-06-2017,715.900024,715.900024,715.900024,715.900024,715.900024,0
02-06-2017,715.900024,715.900024,715.900024,715.900024,715.900024,0
05-06-2017,754.799988,754.799988,727,727,727,200
06-06-2017,764,768,756.849976,756.849976,756.849976,100
07-06-2017,756.849976,756.849976,756.849976,756.849976,756.849976,100
08-06-2017,756.849976,756.849976,756.849976,756.849976,756.849976,0
09-06-2017,756.849976,756.849976,756.849976,756.849976,756.849976,0
12-06-2017,756.849976,756.849976,756.849976,756.849976,756.849976,0
13-06-2017,756.849976,756.849976,756.849976,756.849976,756.849976,0
14-06-2017,797.549988,797.549988,797.549988,797.549988,797.549988,100
15-06-2017,797.549988,797.549988,797.549988,797.549988,797.549988,0
16-06-2017,797.549988,797.549988,797.549988,797.549988,797.549988,0
19-06-2017,797.549988,797.549988,797.549988,797.549988,797.549988,0
20-06-2017,797.549988,797.549988,797.549988,797.549988,797.549988,0
21-06-2017,797.549988,797.549988,797.549988,797.549988,797.549988,0
22-06-2017,797.549988,797.549988,797.549988,797.549988,797.549988,0
23-06-2017,797.549988,797.549988,797.549988,797.549988,797.549988,0
26-06-2017,797.549988,797.549988,797.549988,797.549988,797.549988,0
27-06-2017,797.549988,797.549988,797.549988,797.549988,797.549988,0
28-06-2017,797.549988,797.549988,797.549988,797.549988,797.549988,0
29-06-2017,797.549988,797.549988,797.549988,797.549988,797.549988,0
30-06-2017,797.549988,797.549988,797.549988,797.549988,797.549988,0
03-07-2017,797.549988,797.549988,797.549988,797.549988,797.549988,0
05-07-2017,797.549988,797.549988,797.549988,797.549988,797.549988,0
06-07-2017,797.549988,797.549988,797.549988,797.549988,797.549988,0
07-07-2017,804,804,804,804,804,100
10-07-2017,804,804,804,804,804,0
11-07-2017,804,804,804,804,804,0
12-07-2017,804,804,804,804,804,0
13-07-2017,805,805,805,805,805,100
14-07-2017,805,805,805,805,805,100
17-07-2017,809.549988,809.549988,809.549988,809.549988,809.549988,100
18-07-2017,840.400024,840.400024,840.400024,840.400024,840.400024,100
19-07-2017,840.400024,840.400024,840.400024,840.400024,840.400024,0
20-07-2017,840.400024,840.400024,840.400024,840.400024,840.400024,0
21-07-2017,840.400024,840.400024,840.400024,840.400024,840.400024,0
24-07-2017,840.400024,840.400024,840.400024,840.400024,840.400024,0
25-07-2017,840.400024,840.400024,840.400024,840.400024,840.400024,0
26-07-2017,840.400024,840.400024,840.400024,840.400024,840.400024,0
27-07-2017,840.400024,840.400024,840.400024,840.400024,840.400024,0
28-07-2017,840.400024,840.400024,840.400024,840.400024,840.400024,0
31-07-2017,840.400024,840.400024,840.400024,840.400024,840.400024,0
01-08-2017,840.400024,840.400024,840.400024,840.400024,840.400024,0
02-08-2017,840.400024,840.400024,840.400024,840.400024,840.400024,0
03-08-2017,840.400024,840.400024,840.400024,840.400024,840.400024,0
04-08-2017,808.700012,808.700012,805,805,805,100
07-08-2017,806.950012,806.950012,806.950012,806.950012,806.950012,100
08-08-2017,806.950012,806.950012,806.950012,806.950012,806.950012,0
09-08-2017,806.950012,806.950012,806.950012,806.950012,806.950012,0
10-08-2017,806.950012,806.950012,806.950012,806.950012,806.950012,0
11-08-2017,806.950012,806.950012,806.950012,806.950012,806.950012,0
14-08-2017,806.950012,806.950012,806.950012,806.950012,806.950012,0
15-08-2017,806.950012,806.950012,806.950012,806.950012,806.950012,0
16-08-2017,806.950012,806.950012,806.950012,806.950012,806.950012,0
17-08-2017,806.950012,806.950012,806.950012,806.950012,806.950012,0
18-08-2017,806.950012,806.950012,806.950012,806.950012,806.950012,0
21-08-2017,806.950012,806.950012,806.950012,806.950012,806.950012,0
22-08-2017,800,800,800,800,800,100
23-08-2017,800,800,800,800,800,0
24-08-2017,800,800,800,800,800,0
25-08-2017,810,810,810,810,810,100
28-08-2017,810,810,810,810,810,0
29-08-2017,810,810,810,810,810,0
30-08-2017,812.049988,812.049988,812.049988,812.049988,812.049988,100
31-08-2017,812.049988,812.049988,812.049988,812.049988,812.049988,0
01-09-2017,812.049988,812.049988,812.049988,812.049988,812.049988,0
05-09-2017,812.049988,812.049988,812.049988,812.049988,812.049988,0
06-09-2017,812.049988,812.049988,812.049988,812.049988,812.049988,0
07-09-2017,812.049988,812.049988,812.049988,812.049988,812.049988,0
08-09-2017,815.219971,815.219971,815.219971,815.219971,815.219971,100
11-09-2017,815.219971,815.219971,815.219971,815.219971,815.219971,0
12-09-2017,815.219971,815.219971,815.219971,815.219971,815.219971,0
13-09-2017,846.330017,850,842.650024,842.650024,842.650024,100
14-09-2017,843.700012,843.700012,843.700012,843.700012,843.700012,0
15-09-2017,843.700012,843.700012,843.700012,843.700012,843.700012,0
18-09-2017,843.700012,843.700012,843.700012,843.700012,843.700012,0
19-09-2017,843.700012,843.700012,843.700012,843.700012,843.700012,0
20-09-2017,843.700012,843.700012,843.700012,843.700012,843.700012,0
21-09-2017,843.700012,843.700012,843.700012,843.700012,843.700012,0
22-09-2017,848.210022,851.049988,848.210022,851.049988,851.049988,100
25-09-2017,851.049988,851.049988,851.049988,851.049988,851.049988,0
26-09-2017,851.049988,851.049988,851.049988,851.049988,851.049988,0
27-09-2017,851.049988,851.049988,851.049988,851.049988,851.049988,0
28-09-2017,851.049988,851.049988,851.049988,851.049988,851.049988,0
29-09-2017,851.049988,851.049988,851.049988,851.049988,851.049988,0
02-10-2017,851.049988,851.049988,851.049988,851.049988,851.049988,0
03-10-2017,851.049988,851.049988,851.049988,851.049988,851.049988,0
04-10-2017,851.049988,851.049988,851.049988,851.049988,851.049988,0
05-10-2017,851.049988,851.049988,851.049988,851.049988,851.049988,0
06-10-2017,851.049988,851.049988,851.049988,851.049988,851.049988,0
09-10-2017,851.049988,851.049988,851.049988,851.049988,851.049988,0
10-10-2017,851.049988,851.049988,851.049988,851.049988,851.049988,0
11-10-2017,851.049988,851.049988,851.049988,851.049988,851.049988,0
12-10-2017,851.049988,851.049988,851.049988,851.049988,851.049988,0
13-10-2017,851.049988,851.049988,851.049988,851.049988,851.049988,0
16-10-2017,851.049988,851.049988,851.049988,851.049988,851.049988,0
17-10-2017,840.200012,840.200012,840.200012,840.200012,840.200012,0
18-10-2017,840.200012,840.200012,840.200012,840.200012,840.200012,0
19-10-2017,840.200012,840.200012,840.200012,840.200012,840.200012,0
20-10-2017,840.200012,840.200012,840.200012,840.200012,840.200012,0
23-10-2017,840.200012,840.200012,840.200012,840.200012,840.200012,0
24-10-2017,840.200012,840.200012,840.200012,840.200012,840.200012,0
25-10-2017,840.200012,840.200012,840.200012,840.200012,840.200012,0
26-10-2017,840.200012,840.200012,840.200012,840.200012,840.200012,0
27-10-2017,840.200012,840.200012,840.200012,840.200012,840.200012,0
30-10-2017,813.5,813.5,813.5,813.5,813.5,100
31-10-2017,815.150024,815.150024,815.150024,815.150024,815.150024,100
01-11-2017,815.150024,815.150024,815.150024,815.150024,815.150024,0
02-11-2017,815.150024,815.150024,815.150024,815.150024,815.150024,0
03-11-2017,815.150024,815.150024,815.150024,815.150024,815.150024,0
06-11-2017,815.150024,815.150024,815.150024,815.150024,815.150024,0
07-11-2017,815.150024,815.150024,815.150024,815.150024,815.150024,0
08-11-2017,815.150024,815.150024,815.150024,815.150024,815.150024,0
09-11-2017,815.150024,815.150024,815.150024,815.150024,815.150024,0
10-11-2017,815.150024,815.150024,815.150024,815.150024,815.150024,0
13-11-2017,815.150024,815.150024,815.150024,815.150024,815.150024,0
14-11-2017,815.150024,815.150024,815.150024,815.150024,815.150024,0
15-11-2017,815.150024,815.150024,815.150024,815.150024,815.150024,0
16-11-2017,815.150024,815.150024,815.150024,815.150024,815.150024,0
17-11-2017,815.150024,815.150024,815.150024,815.150024,815.150024,0
20-11-2017,815.150024,815.150024,815.150024,815.150024,815.150024,0
21-11-2017,815.150024,815.150024,815.150024,815.150024,815.150024,0
22-11-2017,839.929993,840,839.929993,840,840,100
24-11-2017,840,840,840,840,840,100
27-11-2017,840,840,840,840,840,0
28-11-2017,840,840,840,840,840,0
29-11-2017,840,840,840,840,840,0
30-11-2017,840,840,840,840,840,0
01-12-2017,840,840,840,840,840,0
04-12-2017,840,840,840,840,840,0
05-12-2017,840,840,840,840,840,0
06-12-2017,840,840,840,840,840,0
07-12-2017,840,840,840,840,840,0
08-12-2017,840,840,840,840,840,0
11-12-2017,862.280029,868,862.280029,868,868,100
12-12-2017,868,868,868,868,868,0
13-12-2017,868,868,868,868,868,0
14-12-2017,868,868,868,868,868,0
15-12-2017,868,868,868,868,868,0
18-12-2017,868,868,868,868,868,0
19-12-2017,868,868,868,868,868,0
20-12-2017,868,868,868,868,868,0
21-12-2017,868,868,868,868,868,0
22-12-2017,868,868,868,868,868,100
26-12-2017,868,868,868,868,868,0
27-12-2017,868,868,868,868,868,0
28-12-2017,868,868,868,868,868,0
29-12-2017,868,868,868,868,868,0
02-01-2018,868,868,868,868,868,0
03-01-2018,881.75,887,881.75,887,887,100
04-01-2018,887,887,887,887,887,0
05-01-2018,887,887,887,887,887,0
08-01-2018,909.75,941.75,909.75,941.75,941.75,100
09-01-2018,941.75,941.75,941.75,941.75,941.75,0
10-01-2018,925.799988,925.799988,925.799988,925.799988,925.799988,100
11-01-2018,925.799988,925.799988,925.799988,925.799988,925.799988,0
12-01-2018,962,962,962,962,962,100
16-01-2018,962,962,962,962,962,0
17-01-2018,966.599976,966.599976,962,962,962,100
18-01-2018,962,962,962,962,962,0
19-01-2018,1003.75,1022.349976,1003.75,1022.349976,1022.349976,100
22-01-2018,1022.349976,1022.349976,1022.349976,1022.349976,1022.349976,0
23-01-2018,978.5,990.179993,978.5,990.179993,990.179993,100
24-01-2018,990.179993,990.179993,990.179993,990.179993,990.179993,0
25-01-2018,990.179993,990.179993,990.179993,990.179993,990.179993,0
26-01-2018,990.179993,990.179993,990.179993,990.179993,990.179993,0
29-01-2018,990.179993,990.179993,990.179993,990.179993,990.179993,0
30-01-2018,990.179993,990.179993,990.179993,990.179993,990.179993,0
31-01-2018,990.179993,990.179993,990.179993,990.179993,990.179993,0
01-02-2018,990.179993,990.179993,990.179993,990.179993,990.179993,0
02-02-2018,990.179993,990.179993,990.179993,990.179993,990.179993,0
05-02-2018,990.179993,990.179993,990.179993,990.179993,990.179993,0
06-02-2018,950,950,950,950,950,100
07-02-2018,950,950,950,950,950,0
08-02-2018,950,950,950,950,950,0
09-02-2018,950,950,950,950,950,0
12-02-2018,940,940,940,940,940,100
13-02-2018,940,940,940,940,940,0
14-02-2018,940,940,940,940,940,0
15-02-2018,966.400024,978,966.400024,978,978,100
16-02-2018,978,978,978,978,978,0
20-02-2018,978,978,978,978,978,0
21-02-2018,978,978,978,978,978,0
22-02-2018,978,978,978,978,978,0
23-02-2018,978,978,978,978,978,0
26-02-2018,978,978,978,978,978,0
27-02-2018,978,978,978,978,978,0
28-02-2018,978,978,978,978,978,0
01-03-2018,941,941,940,940,940,100
02-03-2018,940,940,940,940,940,0
05-03-2018,940,940,940,940,940,0
06-03-2018,940,940,940,940,940,0
07-03-2018,940,940,940,940,940,0
08-03-2018,949.48999,949.48999,949.48999,949.48999,949.48999,100
09-03-2018,951.099976,951.099976,951.099976,951.099976,951.099976,100
12-03-2018,951.099976,951.099976,951.099976,951.099976,951.099976,0
13-03-2018,951.099976,951.099976,951.099976,951.099976,951.099976,0
14-03-2018,951.099976,951.099976,951.099976,951.099976,951.099976,0
15-03-2018,951.099976,951.099976,951.099976,951.099976,951.099976,0
16-03-2018,951.099976,951.099976,951.099976,951.099976,951.099976,0
19-03-2018,951.099976,951.099976,951.099976,951.099976,951.099976,0
20-03-2018,963.450012,963.450012,963.450012,963.450012,963.450012,0
21-03-2018,963.450012,963.450012,963.450012,963.450012,963.450012,0
22-03-2018,963.450012,963.450012,963.450012,963.450012,963.450012,0
23-03-2018,963.450012,963.450012,963.450012,963.450012,963.450012,0
26-03-2018,963.450012,963.450012,963.450012,963.450012,963.450012,0
27-03-2018,963.450012,963.450012,963.450012,963.450012,963.450012,0
28-03-2018,947.400024,947.400024,947.400024,947.400024,947.400024,0
29-03-2018,947.400024,947.400024,947.400024,947.400024,947.400024,0
02-04-2018,947.400024,947.400024,947.400024,947.400024,947.400024,0
03-04-2018,947.400024,947.400024,947.400024,947.400024,947.400024,0
04-04-2018,955.099976,955.099976,955.099976,955.099976,955.099976,0
05-04-2018,955.099976,955.099976,955.099976,955.099976,955.099976,0
06-04-2018,955.099976,955.099976,955.099976,955.099976,955.099976,0
09-04-2018,955.099976,955.099976,955.099976,955.099976,955.099976,0
10-04-2018,955.099976,955.099976,955.099976,955.099976,955.099976,0
11-04-2018,965.23999,965.23999,965.23999,965.23999,965.23999,100
12-04-2018,962,962,962,962,962,100
13-04-2018,962,962,962,962,962,0
16-04-2018,962,962,962,962,962,0
17-04-2018,962,962,962,962,962,0
18-04-2018,973.200012,973.200012,973.200012,973.200012,973.200012,100
19-04-2018,973.200012,973.200012,973.200012,973.200012,973.200012,0
20-04-2018,973.200012,973.200012,973.200012,973.200012,973.200012,0
23-04-2018,973.200012,973.200012,973.200012,973.200012,973.200012,0
24-04-2018,955.700012,955.700012,955.700012,955.700012,955.700012,100
25-04-2018,955.700012,955.700012,955.700012,955.700012,955.700012,0
26-04-2018,955.700012,955.700012,955.700012,955.700012,955.700012,0
27-04-2018,955.700012,955.700012,955.700012,955.700012,955.700012,0
30-04-2018,955.700012,955.700012,955.700012,955.700012,955.700012,0
01-05-2018,955.700012,955.700012,955.700012,955.700012,955.700012,0
02-05-2018,955.700012,955.700012,955.700012,955.700012,955.700012,0
03-05-2018,975.130005,975.130005,970.130005,970.849976,970.849976,100
04-05-2018,970.849976,970.849976,970.849976,970.849976,970.849976,0
07-05-2018,979.98999,996.5,979.98999,991.5,991.5,100
08-05-2018,991.5,991.5,991.5,991.5,991.5,0
09-05-2018,991.5,991.5,991.5,991.5,991.5,0
10-05-2018,995.25,995.25,995.25,995.25,995.25,100
11-05-2018,995.25,995.25,995.25,995.25,995.25,0
14-05-2018,995.25,995.25,995.25,995.25,995.25,0
15-05-2018,995.25,995.25,995.25,995.25,995.25,0
16-05-2018,995.25,995.25,995.25,995.25,995.25,0
17-05-2018,995.25,995.25,995.25,995.25,995.25,0
18-05-2018,995.25,995.25,995.25,995.25,995.25,0
21-05-2018,995.25,995.25,995.25,995.25,995.25,0
22-05-2018,995.25,995.25,995.25,995.25,995.25,0
23-05-2018,970.210022,970.210022,970.210022,970.210022,970.210022,0
24-05-2018,970.210022,970.210022,970.210022,970.210022,970.210022,0
25-05-2018,970.210022,970.210022,970.210022,970.210022,970.210022,0
29-05-2018,970.210022,970.210022,970.210022,970.210022,970.210022,0
30-05-2018,970.210022,970.210022,970.210022,970.210022,970.210022,0
31-05-2018,970.210022,970.210022,970.210022,970.210022,970.210022,0
01-06-2018,970.210022,970.210022,970.210022,970.210022,970.210022,0
04-06-2018,970.210022,970.210022,970.210022,970.210022,970.210022,0
05-06-2018,959.849976,959.849976,959.849976,959.849976,959.849976,0
06-06-2018,959.849976,959.849976,959.849976,959.849976,959.849976,0
07-06-2018,959.849976,959.849976,959.849976,959.849976,959.849976,0
08-06-2018,968.849976,968.849976,960,960,960,100
11-06-2018,960,960,960,960,960,0
12-06-2018,960,960,960,960,960,100
13-06-2018,960,960,960,960,960,0
14-06-2018,960,960,960,960,960,0
15-06-2018,960,960,960,960,960,0
18-06-2018,960,960,960,960,960,0
19-06-2018,905.599976,905.599976,905.599976,905.599976,905.599976,100
20-06-2018,905.599976,905.599976,905.599976,905.599976,905.599976,0
21-06-2018,905.599976,905.599976,905.599976,905.599976,905.599976,0
22-06-2018,905.599976,905.599976,905.599976,905.599976,905.599976,0
25-06-2018,909,909,909,909,909,100
26-06-2018,909,909,909,909,909,0
27-06-2018,909,909,909,909,909,0
28-06-2018,909,909,909,909,909,0
29-06-2018,871,871,863.219971,863.219971,863.219971,100
02-07-2018,863.219971,863.219971,863.219971,863.219971,863.219971,0
03-07-2018,863.219971,863.219971,863.219971,863.219971,863.219971,0
05-07-2018,863.219971,863.219971,863.219971,863.219971,863.219971,0
06-07-2018,849.200012,849.200012,849.200012,849.200012,849.200012,0
09-07-2018,849.200012,849.200012,849.200012,849.200012,849.200012,0
10-07-2018,862.030029,865.25,860.299988,860.299988,860.299988,100
11-07-2018,881.030029,881.030029,868.849976,868.849976,868.849976,100
12-07-2018,868.849976,868.849976,868.849976,868.849976,868.849976,0
13-07-2018,868.849976,868.849976,868.849976,868.849976,868.849976,0
16-07-2018,862.27002,862.539978,862,862,862,100
17-07-2018,862,862,862,862,862,0
18-07-2018,862,862,862,862,862,0
19-07-2018,862,862,862,862,862,0
20-07-2018,862,862,862,862,862,0
23-07-2018,862,862,862,862,862,0
24-07-2018,862,862,862,862,862,0
25-07-2018,862,862,862,862,862,0
26-07-2018,855.599976,855.599976,849.25,849.25,849.25,100
27-07-2018,849.25,849.25,849.25,849.25,849.25,0
30-07-2018,855.349976,855.349976,849.25,849.25,849.25,100
31-07-2018,864,864,864,864,864,100
01-08-2018,852.299988,856.599976,852.299988,856.599976,856.599976,100
02-08-2018,856.599976,856.599976,856.599976,856.599976,856.599976,0
03-08-2018,856.599976,856.599976,856.599976,856.599976,856.599976,0
06-08-2018,856.599976,856.599976,856.599976,856.599976,856.599976,0
07-08-2018,856.599976,856.599976,856.599976,856.599976,856.599976,0
08-08-2018,856.599976,856.599976,856.599976,856.599976,856.599976,0
09-08-2018,855,855,855,855,855,0
10-08-2018,855,855,855,855,855,0
13-08-2018,855,855,855,855,855,0
14-08-2018,855,855,855,855,855,0
15-08-2018,855,855,855,855,855,0
16-08-2018,855,855,855,855,855,0
17-08-2018,855,855,855,855,855,0
20-08-2018,855,855,855,855,855,0
21-08-2018,820,820,811.27002,811.27002,811.27002,100
22-08-2018,811.27002,811.27002,811.27002,811.27002,811.27002,0
23-08-2018,811.27002,811.27002,811.27002,811.27002,811.27002,0
24-08-2018,811.27002,811.27002,811.27002,811.27002,811.27002,0
27-08-2018,811.27002,811.27002,811.27002,811.27002,811.27002,0
28-08-2018,811.27002,811.27002,811.27002,811.27002,811.27002,0
29-08-2018,811.27002,811.27002,811.27002,811.27002,811.27002,0
30-08-2018,811.27002,811.27002,811.27002,811.27002,811.27002,0
31-08-2018,825.289978,825.289978,825.289978,825.289978,825.289978,100
04-09-2018,825.289978,825.289978,825.289978,825.289978,825.289978,0
05-09-2018,825.289978,825.289978,825.289978,825.289978,825.289978,0
06-09-2018,825.289978,825.289978,825.289978,825.289978,825.289978,0
07-09-2018,834.049988,834.049988,834.049988,834.049988,834.049988,100
10-09-2018,830.969971,830.969971,830.969971,830.969971,830.969971,0
11-09-2018,830.969971,830.969971,830.969971,830.969971,830.969971,0
12-09-2018,873.799988,873.799988,873.799988,873.799988,873.799988,100
13-09-2018,873.799988,873.799988,873.799988,873.799988,873.799988,0
14-09-2018,873.799988,873.799988,873.799988,873.799988,873.799988,0
17-09-2018,873.799988,873.799988,873.799988,873.799988,873.799988,0
18-09-2018,869.099976,885,869.099976,885,885,200
19-09-2018,885,885,885,885,885,0
20-09-2018,885,885,885,885,885,0
21-09-2018,885,885,885,885,885,0
24-09-2018,931.849976,947.400024,931.849976,947.400024,947.400024,100
25-09-2018,947.400024,947.400024,947.400024,947.400024,947.400024,0
26-09-2018,947.400024,947.400024,947.400024,947.400024,947.400024,0
27-09-2018,919.950012,919.950012,911.140015,911.140015,911.140015,100
28-09-2018,911.140015,911.140015,911.140015,911.140015,911.140015,0
01-10-2018,911.140015,911.140015,911.140015,911.140015,911.140015,0
02-10-2018,911.140015,911.140015,911.140015,911.140015,911.140015,0
03-10-2018,905.5,905.5,905.5,905.5,905.5,100
04-10-2018,905.5,905.5,905.5,905.5,905.5,0
05-10-2018,905.5,905.5,905.5,905.5,905.5,0
08-10-2018,896.950012,896.950012,896.950012,896.950012,896.950012,100
09-10-2018,896.950012,896.950012,896.950012,896.950012,896.950012,0
10-10-2018,880.450012,880.450012,871.049988,871.049988,871.049988,100
11-10-2018,871.049988,871.049988,871.049988,871.049988,871.049988,0
12-10-2018,823.25,823.25,790.23999,790.23999,790.23999,100
15-10-2018,817.869995,830.200012,817.869995,820.200012,820.200012,100
16-10-2018,820.200012,820.200012,820.200012,820.200012,820.200012,0
17-10-2018,820.200012,820.200012,820.200012,820.200012,820.200012,0
18-10-2018,820.200012,820.200012,820.200012,820.200012,820.200012,0
19-10-2018,820.200012,820.200012,820.200012,820.200012,820.200012,0
22-10-2018,805,810,805,810,810,100
23-10-2018,810,810,810,810,810,0
24-10-2018,810,810,810,810,810,0
25-10-2018,810,810,810,810,810,0
26-10-2018,775,775,775,775,775,100
29-10-2018,775,775,775,775,775,0
30-10-2018,775,775,775,775,775,0
31-10-2018,775,775,775,775,775,0
01-11-2018,775,775,775,775,775,0
02-11-2018,775,775,775,775,775,0
05-11-2018,775,775,775,775,775,0
06-11-2018,775,775,775,775,775,0
07-11-2018,775,775,775,775,775,0
08-11-2018,775,775,775,775,775,0
09-11-2018,775,775,775,775,775,0
12-11-2018,775,775,775,775,775,0
13-11-2018,879,879,879,879,879,0
14-11-2018,879,879,879,879,879,0
15-11-2018,879,879,879,879,879,0
16-11-2018,879,879,879,879,879,0
19-11-2018,879,879,879,879,879,0
20-11-2018,879,879,879,879,879,0
21-11-2018,879,879,879,879,879,0
23-11-2018,884.049988,884.049988,884.049988,884.049988,884.049988,0
26-11-2018,892.099976,892.099976,886.849976,891.849976,891.849976,100
27-11-2018,891.849976,891.849976,891.849976,891.849976,891.849976,0
28-11-2018,891.849976,891.849976,891.849976,891.849976,891.849976,0
29-11-2018,891.849976,891.849976,891.849976,891.849976,891.849976,0
30-11-2018,891.849976,891.849976,891.849976,891.849976,891.849976,0
03-12-2018,891.849976,891.849976,891.849976,891.849976,891.849976,0
04-12-2018,891.849976,891.849976,891.849976,891.849976,891.849976,0
06-12-2018,891.849976,891.849976,891.849976,891.849976,891.849976,0
07-12-2018,891.849976,891.849976,891.849976,891.849976,891.849976,0
10-12-2018,891.849976,891.849976,891.849976,891.849976,891.849976,0
11-12-2018,891.849976,891.849976,891.849976,891.849976,891.849976,0
12-12-2018,891.849976,891.849976,891.849976,891.849976,891.849976,0
13-12-2018,891.849976,891.849976,891.849976,891.849976,891.849976,0
14-12-2018,891.849976,891.849976,891.849976,891.849976,891.849976,0
17-12-2018,886.950012,886.950012,886.950012,886.950012,886.950012,0
18-12-2018,886.950012,886.950012,886.950012,886.950012,886.950012,0
19-12-2018,886.950012,886.950012,886.950012,886.950012,886.950012,0
20-12-2018,886.950012,886.950012,886.950012,886.950012,886.950012,0
21-12-2018,886.950012,886.950012,886.950012,886.950012,886.950012,0
24-12-2018,886.950012,886.950012,886.950012,886.950012,886.950012,0
26-12-2018,886.950012,886.950012,886.950012,886.950012,886.950012,0
27-12-2018,880,880,880,880,880,0
28-12-2018,880,880,880,880,880,0
31-12-2018,880,880,880,880,880,0
02-01-2019,885.599976,885.599976,885.599976,885.599976,885.599976,0
03-01-2019,885.599976,885.599976,885.599976,885.599976,885.599976,0
04-01-2019,885.599976,885.599976,885.599976,885.599976,885.599976,0
07-01-2019,885.599976,885.599976,885.599976,885.599976,885.599976,0
08-01-2019,885.599976,885.599976,885.599976,885.599976,885.599976,0
09-01-2019,885.599976,885.599976,885.599976,885.599976,885.599976,0
10-01-2019,885.599976,885.599976,885.599976,885.599976,885.599976,0
11-01-2019,885.599976,885.599976,885.599976,885.599976,885.599976,0
14-01-2019,885.599976,885.599976,885.599976,885.599976,885.599976,0
15-01-2019,870.799988,873.700012,865.799988,873.700012,873.700012,100
16-01-2019,873.700012,873.700012,873.700012,873.700012,873.700012,0
17-01-2019,873.700012,873.700012,873.700012,873.700012,873.700012,0
18-01-2019,873.700012,873.700012,873.700012,873.700012,873.700012,0
22-01-2019,873.700012,873.700012,873.700012,873.700012,873.700012,0
23-01-2019,873.700012,873.700012,873.700012,873.700012,873.700012,0
24-01-2019,873.700012,873.700012,873.700012,873.700012,873.700012,0
25-01-2019,873.700012,873.700012,873.700012,873.700012,873.700012,0
28-01-2019,889,889,889,889,889,0
29-01-2019,889,889,889,889,889,0
30-01-2019,889,889,889,889,889,0
31-01-2019,889,889,889,889,889,0
01-02-2019,905,909,905,909,909,100
04-02-2019,909,909,909,909,909,0
05-02-2019,909,909,909,909,909,0
06-02-2019,909,909,909,909,909,0
07-02-2019,909,909,909,909,909,0
08-02-2019,909,909,909,909,909,0
11-02-2019,909,909,909,909,909,0
12-02-2019,909,909,909,909,909,0
13-02-2019,909,909,909,909,909,0
14-02-2019,890.650024,894.650024,890.650024,894.650024,894.650024,100
15-02-2019,894.650024,894.650024,894.650024,894.650024,894.650024,0
19-02-2019,885.599976,885.599976,885.599976,885.599976,885.599976,100
20-02-2019,885.599976,885.599976,885.599976,885.599976,885.599976,0
21-02-2019,885.599976,885.599976,885.599976,885.599976,885.599976,0
22-02-2019,885.599976,885.599976,885.599976,885.599976,885.599976,0
25-02-2019,885.599976,885.599976,885.599976,885.599976,885.599976,0
26-02-2019,885.599976,885.599976,885.599976,885.599976,885.599976,0
27-02-2019,885.599976,885.599976,885.599976,885.599976,885.599976,0
28-02-2019,885.599976,885.599976,885.599976,885.599976,885.599976,0
01-03-2019,885.599976,885.599976,885.599976,885.599976,885.599976,0
04-03-2019,885.599976,885.599976,885.599976,885.599976,885.599976,0
05-03-2019,885.599976,885.599976,885.599976,885.599976,885.599976,0
06-03-2019,885.599976,885.599976,885.599976,885.599976,885.599976,0
07-03-2019,885.599976,885.599976,885.599976,885.599976,885.599976,0
08-03-2019,885.599976,885.599976,885.599976,885.599976,885.599976,0
11-03-2019,909.75,909.75,886.849976,886.849976,886.849976,100
12-03-2019,886.849976,886.849976,886.849976,886.849976,886.849976,0
13-03-2019,905.299988,905.299988,905.299988,905.299988,905.299988,0
14-03-2019,883.200012,909.25,883.200012,909.25,909.25,100
15-03-2019,909.25,909.25,909.25,909.25,909.25,0
18-03-2019,909.25,909.25,909.25,909.25,909.25,0
19-03-2019,909.25,909.25,909.25,909.25,909.25,0
20-03-2019,909.25,909.25,909.25,909.25,909.25,0
21-03-2019,909.25,909.25,909.25,909.25,909.25,0
22-03-2019,909.25,909.25,909.25,909.25,909.25,0
25-03-2019,909.25,909.25,909.25,909.25,909.25,0
26-03-2019,909.25,909.25,909.25,909.25,909.25,0
27-03-2019,895.900024,900.200012,895.900024,900.200012,900.200012,100
28-03-2019,900.200012,900.200012,900.200012,900.200012,900.200012,0
29-03-2019,900.200012,900.200012,900.200012,900.200012,900.200012,0
01-04-2019,900.200012,900.200012,900.200012,900.200012,900.200012,0
02-04-2019,905.299988,905.299988,905.299988,905.299988,905.299988,0
03-04-2019,905.299988,905.299988,905.299988,905.299988,905.299988,0
04-04-2019,897.950012,897.950012,897.950012,897.950012,897.950012,0
05-04-2019,897.950012,897.950012,897.950012,897.950012,897.950012,0
08-04-2019,897.950012,897.950012,897.950012,897.950012,897.950012,0
09-04-2019,897.950012,897.950012,897.950012,897.950012,897.950012,0
10-04-2019,893.01001,893.01001,888,888,888,100
11-04-2019,888,888,888,888,888,0
12-04-2019,888,888,888,888,888,0
15-04-2019,888,888,888,888,888,0
16-04-2019,892.25,892.25,892.25,892.25,892.25,100
17-04-2019,892.25,892.25,892.25,892.25,892.25,0
18-04-2019,892.25,892.25,892.25,892.25,892.25,0
22-04-2019,892.25,892.25,892.25,892.25,892.25,0
23-04-2019,892.25,892.25,892.25,892.25,892.25,0
24-04-2019,892.25,892.25,892.25,892.25,892.25,0
25-04-2019,892.25,892.25,892.25,892.25,892.25,0
26-04-2019,892.25,892.25,892.25,892.25,892.25,0
29-04-2019,892.25,892.25,892.25,892.25,892.25,0
30-04-2019,892.25,892.25,892.25,892.25,892.25,0
01-05-2019,891.700012,891.700012,891.700012,891.700012,891.700012,100
02-05-2019,891.700012,891.700012,891.700012,891.700012,891.700012,0
03-05-2019,891.700012,891.700012,891.700012,891.700012,891.700012,0
06-05-2019,891.700012,891.700012,891.700012,891.700012,891.700012,0
07-05-2019,891.700012,891.700012,891.700012,891.700012,891.700012,0
08-05-2019,891.700012,891.700012,891.700012,891.700012,891.700012,0
09-05-2019,891.700012,891.700012,891.700012,891.700012,891.700012,0
10-05-2019,907.679993,907.679993,907.679993,907.679993,907.679993,100
13-05-2019,907.679993,907.679993,907.679993,907.679993,907.679993,0
14-05-2019,885.950012,885.950012,885.950012,885.950012,885.950012,100
15-05-2019,885.950012,885.950012,885.950012,885.950012,885.950012,0
16-05-2019,885.950012,885.950012,885.950012,885.950012,885.950012,0
17-05-2019,885.950012,885.950012,885.950012,885.950012,885.950012,0
20-05-2019,885.950012,885.950012,885.950012,885.950012,885.950012,0
21-05-2019,885.950012,885.950012,885.950012,885.950012,885.950012,0
22-05-2019,885.950012,885.950012,885.950012,885.950012,885.950012,0
23-05-2019,885.950012,885.950012,885.950012,885.950012,885.950012,0
24-05-2019,885.950012,885.950012,885.950012,885.950012,885.950012,0
28-05-2019,885.950012,885.950012,885.950012,885.950012,885.950012,0
29-05-2019,885.950012,885.950012,885.950012,885.950012,885.950012,0
30-05-2019,885.950012,885.950012,885.950012,885.950012,885.950012,0
31-05-2019,885.950012,885.950012,885.950012,885.950012,885.950012,0
03-06-2019,885.950012,885.950012,885.950012,885.950012,885.950012,0
04-06-2019,885.950012,885.950012,885.950012,885.950012,885.950012,0
05-06-2019,906,906,906,906,906,100
06-06-2019,906,906,906,906,906,0
07-06-2019,906,906,906,906,906,0
10-06-2019,906,906,906,906,906,0
11-06-2019,906,906,906,906,906,0
12-06-2019,906,906,906,906,906,0
13-06-2019,906,906,906,906,906,0
14-06-2019,906,906,906,906,906,0
17-06-2019,906,906,906,906,906,0
18-06-2019,906,906,906,906,906,0
19-06-2019,890.799988,891.200012,890.799988,891.200012,891.200012,100
20-06-2019,891.200012,891.200012,891.200012,891.200012,891.200012,0
21-06-2019,891.200012,891.200012,891.200012,891.200012,891.200012,0
24-06-2019,891.200012,891.200012,891.200012,891.200012,891.200012,0
25-06-2019,891.200012,891.200012,891.200012,891.200012,891.200012,0
26-06-2019,891.200012,891.200012,891.200012,891.200012,891.200012,0
27-06-2019,891.200012,891.200012,891.200012,891.200012,891.200012,0
28-06-2019,891.200012,891.200012,891.200012,891.200012,891.200012,0
01-07-2019,891.200012,891.200012,891.200012,891.200012,891.200012,0
02-07-2019,891.200012,891.200012,891.200012,891.200012,891.200012,0
03-07-2019,872.849976,872.849976,872.849976,872.849976,872.849976,100
05-07-2019,875.349976,875.349976,875.349976,875.349976,875.349976,100
08-07-2019,875.349976,875.349976,875.349976,875.349976,875.349976,0
09-07-2019,875.349976,875.349976,875.349976,875.349976,875.349976,0
10-07-2019,875.349976,875.349976,875.349976,875.349976,875.349976,0
11-07-2019,875.349976,875.349976,875.349976,875.349976,875.349976,0
12-07-2019,875.349976,875.349976,875.349976,875.349976,875.349976,0
15-07-2019,891.950012,892.150024,891.950012,891.950012,891.950012,100
16-07-2019,902.450012,902.450012,892.25,902.349976,902.349976,100
17-07-2019,902.349976,902.349976,902.349976,902.349976,902.349976,0
18-07-2019,902.349976,902.349976,902.349976,902.349976,902.349976,0
19-07-2019,902.349976,902.349976,902.349976,902.349976,902.349976,0
22-07-2019,883.400024,883.400024,883.400024,883.400024,883.400024,100
23-07-2019,883.400024,883.400024,883.400024,883.400024,883.400024,0
24-07-2019,883.400024,883.400024,883.400024,883.400024,883.400024,0
25-07-2019,883.400024,883.400024,883.400024,883.400024,883.400024,0
26-07-2019,883.400024,883.400024,883.400024,883.400024,883.400024,0
29-07-2019,883.400024,883.400024,883.400024,883.400024,883.400024,0
30-07-2019,883.400024,883.400024,883.400024,883.400024,883.400024,0
31-07-2019,883.400024,883.400024,883.400024,883.400024,883.400024,0
01-08-2019,883.400024,883.400024,883.400024,883.400024,883.400024,0
02-08-2019,883.400024,883.400024,883.400024,883.400024,883.400024,0
05-08-2019,883.400024,883.400024,883.400024,883.400024,883.400024,0
06-08-2019,883.400024,883.400024,883.400024,883.400024,883.400024,0
07-08-2019,883.400024,883.400024,883.400024,883.400024,883.400024,0
08-08-2019,883.400024,883.400024,883.400024,883.400024,883.400024,0
09-08-2019,883.400024,883.400024,883.400024,883.400024,883.400024,0
12-08-2019,883.400024,883.400024,883.400024,883.400024,883.400024,0
13-08-2019,883.400024,883.400024,883.400024,883.400024,883.400024,0
14-08-2019,883.400024,883.400024,883.400024,883.400024,883.400024,0
15-08-2019,872.200012,872.200012,872.200012,872.200012,872.200012,100
16-08-2019,872.200012,872.200012,872.200012,872.200012,872.200012,0
19-08-2019,872.200012,872.200012,872.200012,872.200012,872.200012,0
20-08-2019,872.200012,872.200012,872.200012,872.200012,872.200012,0
21-08-2019,872.200012,872.200012,872.200012,872.200012,872.200012,0
22-08-2019,872.200012,872.200012,872.200012,872.200012,872.200012,0
23-08-2019,872.200012,872.200012,872.200012,872.200012,872.200012,100
26-08-2019,872.200012,872.200012,872.200012,872.200012,872.200012,0
27-08-2019,872.200012,872.200012,872.200012,872.200012,872.200012,0
28-08-2019,872.200012,872.200012,872.200012,872.200012,872.200012,0
29-08-2019,872.200012,872.200012,872.200012,872.200012,872.200012,0
30-08-2019,872.200012,872.200012,872.200012,872.200012,872.200012,0
03-09-2019,861.950012,861.950012,861.950012,861.950012,861.950012,100
04-09-2019,861.950012,861.950012,861.950012,861.950012,861.950012,0
05-09-2019,861.950012,861.950012,861.950012,861.950012,861.950012,0
06-09-2019,893.200012,895.400024,893.200012,895.400024,895.400024,100
09-09-2019,895.650024,895.650024,895.650024,895.650024,895.650024,100
10-09-2019,895.650024,895.650024,895.650024,895.650024,895.650024,0
11-09-2019,895.650024,895.650024,895.650024,895.650024,895.650024,0
12-09-2019,895.650024,895.650024,895.650024,895.650024,895.650024,0
13-09-2019,895.650024,895.650024,895.650024,895.650024,895.650024,0
16-09-2019,895.650024,895.650024,895.650024,895.650024,895.650024,0
17-09-2019,895.650024,895.650024,895.650024,895.650024,895.650024,0
18-09-2019,895.650024,895.650024,895.650024,895.650024,895.650024,0
19-09-2019,897.900024,897.900024,897.700012,897.700012,897.700012,100
20-09-2019,897.700012,897.700012,897.700012,897.700012,897.700012,0
23-09-2019,897.700012,897.700012,897.700012,897.700012,897.700012,0
24-09-2019,897.700012,897.700012,897.700012,897.700012,897.700012,0
25-09-2019,897.700012,897.700012,897.700012,897.700012,897.700012,0
26-09-2019,897.700012,897.700012,897.700012,897.700012,897.700012,0
27-09-2019,897.700012,897.700012,897.700012,897.700012,897.700012,0
30-09-2019,897.700012,897.700012,897.700012,897.700012,897.700012,0
01-10-2019,897.700012,897.700012,897.700012,897.700012,897.700012,0
02-10-2019,897.700012,897.700012,897.700012,897.700012,897.700012,0
03-10-2019,897.700012,897.700012,897.700012,897.700012,897.700012,0
04-10-2019,897.700012,897.700012,897.700012,897.700012,897.700012,0
07-10-2019,890,890,890,890,890,100
08-10-2019,890,890,890,890,890,0
09-10-2019,890,890,890,890,890,0
10-10-2019,892.349976,892.349976,892.349976,892.349976,892.349976,100
11-10-2019,892.349976,892.349976,892.349976,892.349976,892.349976,0
14-10-2019,892.349976,892.349976,892.349976,892.349976,892.349976,0
15-10-2019,892.5,892.5,892.5,892.5,892.5,100
16-10-2019,892.5,892.5,892.5,892.5,892.5,0
17-10-2019,900,900,900,900,900,100
18-10-2019,897.400024,905.049988,897.400024,905.049988,905.049988,100
21-10-2019,907.900024,907.900024,907.900024,907.900024,907.900024,100
22-10-2019,907.900024,907.900024,907.900024,907.900024,907.900024,0
23-10-2019,907.900024,907.900024,907.900024,907.900024,907.900024,0
24-10-2019,907.900024,907.900024,907.900024,907.900024,907.900024,0
25-10-2019,904.200012,904.200012,881.5,881.5,881.5,100
28-10-2019,891.549988,891.549988,891.549988,891.549988,891.549988,100
29-10-2019,891.549988,891.549988,891.549988,891.549988,891.549988,0
30-10-2019,891.549988,891.549988,891.549988,891.549988,891.549988,0
31-10-2019,891.549988,891.549988,891.549988,891.549988,891.549988,0
01-11-2019,891.549988,891.549988,891.549988,891.549988,891.549988,0
04-11-2019,891.549988,891.549988,891.549988,891.549988,891.549988,0
05-11-2019,891.549988,891.549988,891.549988,891.549988,891.549988,0
06-11-2019,891.549988,891.549988,891.549988,891.549988,891.549988,0
07-11-2019,891.549988,891.549988,891.549988,891.549988,891.549988,0
08-11-2019,891.549988,891.549988,891.549988,891.549988,891.549988,0
11-11-2019,891.549988,891.549988,891.549988,891.549988,891.549988,0
12-11-2019,891.549988,891.549988,891.549988,891.549988,891.549988,0
13-11-2019,891.549988,891.549988,891.549988,891.549988,891.549988,0
14-11-2019,887.599976,887.900024,887.599976,887.900024,887.900024,100
15-11-2019,888,888,887.75,887.75,887.75,100
18-11-2019,888,892.049988,888,892.049988,892.049988,100
19-11-2019,892.049988,892.049988,892.049988,892.049988,892.049988,0
20-11-2019,892.049988,892.049988,892.049988,892.049988,892.049988,0
21-11-2019,892.049988,892.049988,892.049988,892.049988,892.049988,0
22-11-2019,892.049988,892.049988,892.049988,892.049988,892.049988,0
25-11-2019,885.700012,885.700012,885.700012,885.700012,885.700012,100
26-11-2019,885.700012,885.700012,885.700012,885.700012,885.700012,0
27-11-2019,880.460022,880.460022,875,875,875,100
29-11-2019,875,875,875,875,875,0
02-12-2019,875,875,875,875,875,100
03-12-2019,875,875,875,875,875,0
04-12-2019,874.700012,874.700012,874.700012,874.700012,874.700012,100
05-12-2019,874.700012,874.700012,874.700012,874.700012,874.700012,0
06-12-2019,874.700012,874.700012,874.700012,874.700012,874.700012,0
09-12-2019,874.700012,874.700012,874.700012,874.700012,874.700012,0
10-12-2019,874.700012,874.700012,874.700012,874.700012,874.700012,0
11-12-2019,874.700012,874.700012,874.700012,874.700012,874.700012,0
12-12-2019,874.700012,874.700012,874.700012,874.700012,874.700012,0
13-12-2019,874.700012,874.700012,874.700012,874.700012,874.700012,0
16-12-2019,889.25,889.25,889.25,889.25,889.25,100
17-12-2019,889.25,889.25,889.25,889.25,889.25,0
18-12-2019,889.25,889.25,889.25,889.25,889.25,0
19-12-2019,889.25,889.25,889.25,889.25,889.25,0
20-12-2019,889.25,889.25,889.25,889.25,889.25,0
23-12-2019,889.25,889.25,889.25,889.25,889.25,0
24-12-2019,889.25,889.25,889.25,889.25,889.25,0
26-12-2019,889.25,889.25,889.25,889.25,889.25,0
27-12-2019,889.25,889.25,889.25,889.25,889.25,0
30-12-2019,889.25,889.25,889.25,889.25,889.25,0
31-12-2019,910,910,895.549988,895.549988,895.549988,100
02-01-2020,907.599976,907.599976,907.599976,907.599976,907.599976,100
03-01-2020,907.599976,907.599976,907.599976,907.599976,907.599976,0
06-01-2020,907.599976,907.599976,907.599976,907.599976,907.599976,0
07-01-2020,907.599976,907.599976,907.599976,907.599976,907.599976,0
08-01-2020,900,900,900,900,900,100
09-01-2020,904.630005,904.630005,904.630005,904.630005,904.630005,100
10-01-2020,904.630005,904.630005,904.630005,904.630005,904.630005,0
13-01-2020,904.630005,904.630005,904.630005,904.630005,904.630005,0
14-01-2020,904.630005,904.630005,904.630005,904.630005,904.630005,0
15-01-2020,901.179993,901.179993,892.400024,892.400024,892.400024,100
16-01-2020,892.400024,892.400024,892.400024,892.400024,892.400024,0
17-01-2020,892.400024,892.400024,892.400024,892.400024,892.400024,0
21-01-2020,892.400024,892.400024,892.400024,892.400024,892.400024,0
22-01-2020,892.400024,892.400024,892.400024,892.400024,892.400024,0
23-01-2020,892.400024,892.400024,892.400024,892.400024,892.400024,0
24-01-2020,892.400024,892.400024,892.400024,892.400024,892.400024,0
27-01-2020,892.400024,892.400024,892.400024,892.400024,892.400024,0
28-01-2020,892.400024,892.400024,892.400024,892.400024,892.400024,0
29-01-2020,892.400024,892.400024,892.400024,892.400024,892.400024,0
30-01-2020,892.400024,892.400024,892.400024,892.400024,892.400024,0
31-01-2020,892.400024,892.400024,892.400024,892.400024,892.400024,0
03-02-2020,891.700012,891.700012,891.700012,891.700012,891.700012,100
04-02-2020,891.700012,891.700012,891.700012,891.700012,891.700012,0
05-02-2020,891.700012,891.700012,891.700012,891.700012,891.700012,0
06-02-2020,906.450012,915,895.039978,895.039978,895.039978,100
07-02-2020,895.039978,895.039978,895.039978,895.039978,895.039978,0
10-02-2020,895.039978,895.039978,895.039978,895.039978,895.039978,100
11-02-2020,895.039978,895.039978,895.039978,895.039978,895.039978,0
12-02-2020,895.039978,895.039978,895.039978,895.039978,895.039978,0
13-02-2020,895.039978,895.039978,895.039978,895.039978,895.039978,0
14-02-2020,913.549988,913.549988,903.549988,903.549988,903.549988,100
18-02-2020,903.549988,903.549988,903.549988,903.549988,903.549988,0
19-02-2020,903.549988,903.549988,903.549988,903.549988,903.549988,0
20-02-2020,900.200012,900.200012,900.200012,900.200012,900.200012,100
21-02-2020,901.049988,915,901.049988,915,915,100
24-02-2020,903.200012,903.200012,903.200012,903.200012,903.200012,0
25-02-2020,860.900024,860.900024,860.900024,860.900024,860.900024,100
26-02-2020,860.900024,860.900024,860.900024,860.900024,860.900024,0
27-02-2020,905,905,900.900024,900.900024,900.900024,100
28-02-2020,890.5,1034.800049,874,1034.800049,1034.800049,200
02-03-2020,1067.449951,1067.449951,1067.449951,1067.449951,1067.449951,100
03-03-2020,1128.599976,1128.599976,1128.599976,1128.599976,1128.599976,100
04-03-2020,1140.449951,1140.449951,1140.449951,1140.449951,1140.449951,100
05-03-2020,1140.449951,1140.449951,1140.449951,1140.449951,1140.449951,0
06-03-2020,1140.449951,1140.449951,1140.449951,1140.449951,1140.449951,0
09-03-2020,1130.449951,1130.449951,1130.449951,1130.449951,1130.449951,100
10-03-2020,1109,1113,1109,1113,1113,100
11-03-2020,1120,1125,1120,1125,1125,200
12-03-2020,1125,1125,1125,1125,1125,0
13-03-2020,1125,1125,1125,1125,1125,0
16-03-2020,1125,1125,1125,1125,1125,0
17-03-2020,1125,1125,1125,1125,1125,0
18-03-2020,1125,1125,1125,1125,1125,0
19-03-2020,965,965,944,956.200012,956.200012,100
20-03-2020,966,1043,966,1042.800049,1042.800049,100
23-03-2020,1042.800049,1042.800049,1042.800049,1042.800049,1042.800049,0
24-03-2020,959.150024,959.150024,951,951,951,100
25-03-2020,1030.5,1030.5,1001,1025.050049,1025.050049,100
26-03-2020,1025.050049,1025.050049,1025.050049,1025.050049,1025.050049,0
27-03-2020,1025.050049,1025.050049,1025.050049,1025.050049,1025.050049,0
30-03-2020,1021,1021,1010.039978,1010.039978,1010.039978,100
31-03-2020,1105,1105,1018,1018,1018,100
01-04-2020,1018,1018,1018,1018,1018,0
02-04-2020,1018,1018,1018,1018,1018,0
03-04-2020,1018,1018,1018,1018,1018,0
06-04-2020,1018,1018,1018,1018,1018,0
07-04-2020,1018,1018,1018,1018,1018,0
08-04-2020,1018,1018,1018,1018,1018,0
09-04-2020,1018,1018,1018,1018,1018,0
13-04-2020,1018,1018,1018,1018,1018,0
14-04-2020,1018,1018,1018,1018,1018,0
15-04-2020,1018,1018,1018,1018,1018,0
16-04-2020,1018,1018,1018,1018,1018,0
17-04-2020,1033,1033,1033,1033,1033,100
20-04-2020,1033,1033,1033,1033,1033,0
21-04-2020,1033,1033,1033,1033,1033,0
22-04-2020,1029.040039,1029.040039,952.549988,952.549988,952.549988,100
23-04-2020,952.549988,952.549988,952.549988,952.549988,952.549988,0
24-04-2020,952.549988,952.549988,952.549988,952.549988,952.549988,0
27-04-2020,952.549988,952.549988,952.549988,952.549988,952.549988,0
28-04-2020,1042,1058.75,1041,1057.640015,1057.640015,100
29-04-2020,1063.699951,1068.699951,1063.699951,1068.699951,1068.699951,100
30-04-2020,1077.5,1105,1077.5,1105,1105,100
01-05-2020,1102.699951,1102.699951,1102.699951,1102.699951,1102.699951,100
04-05-2020,1075,1075,1075,1075,1075,100
05-05-2020,1075,1075,1075,1075,1075,0
06-05-2020,1076,1076,1076,1076,1076,100
07-05-2020,1076,1076,1076,1076,1076,0
08-05-2020,1075.25,1075.25,1075.25,1075.25,1075.25,100
11-05-2020,1075.25,1075.25,1075.25,1075.25,1075.25,100
12-05-2020,1075.25,1075.25,1075.25,1075.25,1075.25,0
13-05-2020,1075.25,1075.25,1075.25,1075.25,1075.25,0
14-05-2020,1075.25,1075.25,1075.25,1075.25,1075.25,0
15-05-2020,1075.25,1075.25,1075.25,1075.25,1075.25,0
18-05-2020,1075.25,1075.25,1075.25,1075.25,1075.25,0
19-05-2020,1075.25,1075.25,1075.25,1075.25,1075.25,0
20-05-2020,1075.25,1075.25,1075.25,1075.25,1075.25,0
21-05-2020,1075.25,1075.25,1075.25,1075.25,1075.25,0
22-05-2020,1075.25,1075.25,1075.25,1075.25,1075.25,0
26-05-2020,1136.050049,1136.050049,1136.050049,1136.050049,1136.050049,100
27-05-2020,1136.050049,1136.050049,1136.050049,1136.050049,1136.050049,0
28-05-2020,1136.050049,1136.050049,1136.050049,1136.050049,1136.050049,0
29-05-2020,1136.050049,1136.050049,1136.050049,1136.050049,1136.050049,0
01-06-2020,1136.050049,1136.050049,1136.050049,1136.050049,1136.050049,0
02-06-2020,1145,1145,1145,1145,1145,100
03-06-2020,1181.199951,1202,1161.599976,1202,1202,100
04-06-2020,1193,1193,1193,1193,1193,100
05-06-2020,1193.199951,1193.199951,1193.199951,1193.199951,1193.199951,100
08-06-2020,1193.199951,1193.199951,1193.199951,1193.199951,1193.199951,0
09-06-2020,1163,1163,1163,1163,1163,100
10-06-2020,1163,1163,1163,1163,1163,0
11-06-2020,1163,1163,1163,1163,1163,0
12-06-2020,1163,1163,1163,1163,1163,0
15-06-2020,1163,1163,1163,1163,1163,0
16-06-2020,1185.75,1450,1185.75,1450,1450,100
17-06-2020,1802.099976,1802.099976,1753.400024,1753.400024,1753.400024,100
18-06-2020,1754.349976,1754.349976,1753.849976,1753.849976,1753.849976,100
19-06-2020,1742.650024,1742.650024,1742.650024,1742.650024,1742.650024,100
22-06-2020,1742.650024,1742.650024,1742.650024,1742.650024,1742.650024,0
23-06-2020,1742.650024,1742.650024,1742.650024,1742.650024,1742.650024,0
24-06-2020,1785.650024,1785.650024,1785.650024,1785.650024,1785.650024,100
25-06-2020,1764.040039,1764.040039,1764.040039,1764.040039,1764.040039,100
26-06-2020,1764.040039,1764.040039,1764.040039,1764.040039,1764.040039,0
29-06-2020,1764.040039,1764.040039,1764.040039,1764.040039,1764.040039,0
30-06-2020,1731.150024,1731.150024,1731.150024,1731.150024,1731.150024,100
01-07-2020,1731.150024,1731.150024,1731.150024,1731.150024,1731.150024,0
02-07-2020,1731.150024,1731.150024,1731.150024,1731.150024,1731.150024,0
06-07-2020,1750,1750,1750,1750,1750,100
07-07-2020,1760,1760,1760,1760,1760,100
08-07-2020,1760,1760,1760,1760,1760,0
09-07-2020,1760,1760,1760,1760,1760,0
10-07-2020,1780.800049,1780.800049,1780.800049,1780.800049,1780.800049,100
13-07-2020,1780.800049,1780.800049,1780.800049,1780.800049,1780.800049,0
14-07-2020,1780.800049,1780.800049,1780.800049,1780.800049,1780.800049,0
15-07-2020,1780.800049,1780.800049,1780.800049,1780.800049,1780.800049,0
16-07-2020,1780.800049,1780.800049,1780.800049,1780.800049,1780.800049,0
17-07-2020,1762.300049,1762.300049,1762.300049,1762.300049,1762.300049,100
20-07-2020,1762.300049,1762.300049,1762.300049,1762.300049,1762.300049,0
21-07-2020,1797.300049,1797.300049,1797.300049,1797.300049,1797.300049,100
22-07-2020,1797.300049,1797.300049,1797.300049,1797.300049,1797.300049,0
23-07-2020,1812.900024,1812.900024,1812.900024,1812.900024,1812.900024,100
24-07-2020,1812.900024,1812.900024,1812.900024,1812.900024,1812.900024,0
27-07-2020,1852.099976,1852.099976,1852.060059,1852.060059,1852.060059,100
28-07-2020,1832.810059,1832.849976,1832.810059,1832.849976,1832.849976,100
29-07-2020,1832.849976,1832.849976,1832.849976,1832.849976,1832.849976,0
30-07-2020,1832.849976,1832.849976,1832.849976,1832.849976,1832.849976,0
31-07-2020,1832.849976,1832.849976,1832.849976,1832.849976,1832.849976,0
03-08-2020,1836.199951,1836.199951,1836.199951,1836.199951,1836.199951,100
04-08-2020,1836.199951,1836.199951,1836.199951,1836.199951,1836.199951,0
05-08-2020,2100,2100,2100,2100,2100,100
06-08-2020,1836,1836,1836,1836,1836,100
07-08-2020,1836,1836,1836,1836,1836,0
10-08-2020,1836,1836,1836,1836,1836,0
11-08-2020,1836,1836,1836,1836,1836,0
12-08-2020,1836,1836,1836,1836,1836,0
13-08-2020,1836,1836,1836,1836,1836,100
14-08-2020,1836,1836,1836,1836,1836,0
17-08-2020,1850,1850,1850,1850,1850,100
18-08-2020,1849,1849,1849,1849,1849,0
19-08-2020,1849,1849,1849,1849,1849,0
20-08-2020,1849,1849,1849,1849,1849,0
21-08-2020,1849,1849,1849,1849,1849,0
24-08-2020,1849,1849,1849,1849,1849,0
25-08-2020,1849,1849,1849,1849,1849,0
26-08-2020,1849,1849,1849,1849,1849,0
27-08-2020,1849,1849,1849,1849,1849,0
28-08-2020,1849,1849,1849,1849,1849,0
31-08-2020,1500,1500,1500,1500,1500,100
01-09-2020,1500,1500,1500,1500,1500,0
02-09-2020,1500,1500,1500,1500,1500,0
03-09-2020,1836.01001,1836.01001,1836.01001,1836.01001,1836.01001,100
04-09-2020,1836.01001,1836.01001,1836.01001,1836.01001,1836.01001,0
08-09-2020,1836.01001,1836.01001,1836.01001,1836.01001,1836.01001,0
09-09-2020,1836.01001,1836.01001,1836.01001,1836.01001,1836.01001,0
10-09-2020,1836.01001,1836.01001,1836.01001,1836.01001,1836.01001,0
11-09-2020,1836,1836,1836,1836,1836,100
14-09-2020,1836,1836,1836,1836,1836,0
15-09-2020,1925,1925,1925,1925,1925,100
16-09-2020,1925,1925,1925,1925,1925,0
17-09-2020,1836,1836,1836,1836,1836,100
18-09-2020,1836,1836,1836,1836,1836,0
21-09-2020,1836,1836,1836,1836,1836,100
22-09-2020,1836,1836,1836,1836,1836,0
23-09-2020,1836,1836,1836,1836,1836,0
24-09-2020,1924.800049,1924.800049,1924.800049,1924.800049,1924.800049,100
25-09-2020,1924.849976,1924.849976,1500.069946,1924.849976,1924.849976,100
28-09-2020,1855,1855,1855,1855,1855,100
29-09-2020,1855,1855,1855,1855,1855,0
30-09-2020,1855,1855,1855,1855,1855,0
01-10-2020,1855,1855,1855,1855,1855,0
02-10-2020,1855,1855,1855,1855,1855,0
05-10-2020,1855,1855,1855,1855,1855,0
06-10-2020,1583,1583,1583,1583,1583,100
07-10-2020,1583,1583,1583,1583,1583,0
08-10-2020,1583,1583,1583,1583,1583,0
09-10-2020,1583,1583,1583,1583,1583,0
12-10-2020,1924.949951,1924.949951,1924.949951,1924.949951,1924.949951,100
13-10-2020,1925,1925,1925,1925,1925,100
14-10-2020,1892.5,1892.5,1892.5,1892.5,1892.5,100
15-10-2020,1600,1600,1600,1600,1600,100
16-10-2020,1600,1600,1600,1600,1600,0
19-10-2020,1800,1800,1800,1800,1800,100
20-10-2020,1800,1800,1800,1800,1800,0
21-10-2020,1800,1800,1800,1800,1800,0
22-10-2020,1800,1800,1800,1800,1800,0
23-10-2020,1800,1800,1800,1800,1800,0
26-10-2020,1800,1800,1800,1800,1800,0
27-10-2020,1925,1925,1925,1925,1925,100
28-10-2020,1556.540039,1925,1556.540039,1556.540039,1556.540039,100
29-10-2020,1556.540039,1556.540039,1556.540039,1556.540039,1556.540039,0
30-10-2020,1750,1750,1699,1699,1699,100
02-11-2020,1699,1699,1699,1699,1699,100
03-11-2020,1924,1924,1800,1800,1800,100
04-11-2020,1800,1800,1800,1800,1800,0
05-11-2020,1800,1800,1800,1800,1800,0
06-11-2020,1925,1925,1925,1925,1925,100
09-11-2020,1925,1925,1925,1925,1925,0
10-11-2020,1925,1925,1925,1925,1925,0
11-11-2020,1925,1925,1925,1925,1925,0
12-11-2020,1925,1925,1925,1925,1925,0
13-11-2020,1925,1925,1925,1925,1925,0
16-11-2020,1925,1925,1925,1925,1925,0
17-11-2020,1954.910034,2100,1954.910034,2100,2100,100
18-11-2020,2100,2100,2100,2100,2100,0
19-11-2020,2100,2100,2100,2100,2100,0
20-11-2020,1950,1950,1940,1940,1940,100
23-11-2020,1940,1940,1940,1940,1940,0
24-11-2020,1940,1940,1940,1940,1940,0
25-11-2020,1940,1940,1940,1940,1940,0
27-11-2020,1940,1940,1940,1940,1940,0
30-11-2020,1940,1940,1940,1940,1940,0
01-12-2020,1940,1940,1940,1940,1940,0
02-12-2020,1940,1940,1940,1940,1940,0
03-12-2020,1940,1940,1940,1940,1940,0
04-12-2020,1940,1940,1940,1940,1940,0
07-12-2020,1940,1940,1940,1940,1940,0
08-12-2020,1940,1940,1940,1940,1940,0
09-12-2020,1940,1940,1940,1940,1940,0
10-12-2020,1940,1940,1940,1940,1940,0
11-12-2020,1940,1940,1940,1940,1940,0
14-12-2020,1940,1940,1940,1940,1940,0
15-12-2020,1940,1940,1940,1940,1940,0
16-12-2020,1940,1940,1940,1940,1940,0
17-12-2020,1940,1940,1940,1940,1940,0
18-12-2020,1940,1940,1940,1940,1940,0
21-12-2020,1940,1940,1940,1940,1940,0
22-12-2020,1940,1940,1940,1940,1940,0
23-12-2020,1940,1940,1940,1940,1940,0
24-12-2020,1940,1940,1940,1940,1940,0
28-12-2020,1940,1940,1940,1940,1940,0
29-12-2020,1940,1940,1940,1940,1940,0
30-12-2020,1940,1940,1940,1940,1940,0
31-12-2020,1940,1940,1940,1940,1940,0
04-01-2021,1940,1940,1940,1940,1940,0
05-01-2021,1940,1940,1940,1940,1940,0
06-01-2021,1940,1940,1940,1940,1940,0
07-01-2021,1940,1940,1940,1940,1940,0
08-01-2021,1940,1940,1940,1940,1940,0
11-01-2021,1940,1940,1940,1940,1940,0
12-01-2021,1940,1940,1940,1940,1940,0
13-01-2021,1940,1940,1940,1940,1940,0
14-01-2021,1940,1940,1940,1940,1940,0
15-01-2021,1940,1940,1940,1940,1940,0
19-01-2021,1940,1940,1940,1940,1940,0
20-01-2021,1940,1940,1940,1940,1940,0
21-01-2021,1940,1940,1940,1940,1940,0
22-01-2021,1940,1940,1940,1940,1940,0
25-01-2021,1940,1940,1940,1940,1940,0
26-01-2021,1940,1940,1940,1940,1940,0
27-01-2021,1940,1940,1940,1940,1940,0
28-01-2021,1940,1940,1940,1940,1940,0
29-01-2021,1940,1940,1940,1940,1940,0
01-02-2021,1940,1940,1940,1940,1940,0
02-02-2021,1940,1940,1940,1940,1940,0
03-02-2021,1940,1940,1940,1940,1940,0
04-02-2021,1940,1940,1940,1940,1940,0
05-02-2021,1940,1940,1940,1940,1940,0
08-02-2021,1940,1940,1940,1940,1940,0
09-02-2021,1940,1940,1940,1940,1940,0
10-02-2021,1940,1940,1940,1940,1940,0
11-02-2021,1940,1940,1940,1940,1940,0
12-02-2021,1940,1940,1940,1940,1940,0
16-02-2021,1940,1940,1940,1940,1940,0
17-02-2021,1940,1940,1940,1940,1940,0
18-02-2021,1940,1940,1940,1940,1940,0
19-02-2021,1940,1940,1940,1940,1940,0
22-02-2021,1940,1940,1940,1940,1940,0
23-02-2021,1940,1940,1940,1940,1940,0
24-02-2021,1940,1940,1940,1940,1940,0
25-02-2021,1940,1940,1940,1940,1940,0
26-02-2021,1940,1940,1940,1940,1940,0
01-03-2021,1940,1940,1940,1940,1940,0
02-03-2021,1940,1940,1940,1940,1940,0
03-03-2021,1940,1940,1940,1940,1940,0
04-03-2021,1940,1940,1940,1940,1940,0
05-03-2021,1940,1940,1940,1940,1940,0
08-03-2021,1940,1940,1940,1940,1940,0
09-03-2021,1940,1940,1940,1940,1940,0
10-03-2021,1940,1940,1940,1940,1940,0
11-03-2021,1940,1940,1940,1940,1940,0
12-03-2021,1940,1940,1940,1940,1940,0
15-03-2021,1940,1940,1940,1940,1940,0
16-03-2021,1940,1940,1940,1940,1940,0
17-03-2021,1940,1940,1940,1940,1940,0
18-03-2021,1940,1940,1940,1940,1940,0
19-03-2021,1940,1940,1940,1940,1940,0
22-03-2021,1940,1940,1940,1940,1940,0
23-03-2021,1940,1940,1940,1940,1940,0
24-03-2021,1940,1940,1940,1940,1940,0
25-03-2021,1940,1940,1940,1940,1940,0
26-03-2021,1940,1940,1940,1940,1940,0
29-03-2021,1940,1940,1940,1940,1940,0
30-03-2021,1940,1940,1940,1940,1940,0
31-03-2021,1940,1940,1940,1940,1940,0
01-04-2021,1940,1940,1940,1940,1940,0
05-04-2021,1940,1940,1940,1940,1940,0
06-04-2021,1940,1940,1940,1940,1940,0
07-04-2021,1940,1940,1940,1940,1940,0
08-04-2021,1940,1940,1940,1940,1940,0
09-04-2021,1940,1940,1940,1940,1940,0
12-04-2021,1940,1940,1940,1940,1940,0
13-04-2021,1940,1940,1940,1940,1940,0
14-04-2021,1940,1940,1940,1940,1940,0
15-04-2021,1940,1940,1940,1940,1940,0
16-04-2021,1940,1940,1940,1940,1940,0
19-04-2021,1940,1940,1940,1940,1940,0
20-04-2021,1940,1940,1940,1940,1940,0
21-04-2021,1940,1940,1940,1940,1940,0
22-04-2021,1940,1940,1940,1940,1940,0
23-04-2021,1940,1940,1940,1940,1940,0
26-04-2021,1940,1940,1940,1940,1940,0
27-04-2021,1940,1940,1940,1940,1940,0
28-04-2021,1940,1940,1940,1940,1940,0
29-04-2021,1940,1940,1940,1940,1940,0
30-04-2021,1940,1940,1940,1940,1940,0
03-05-2021,1940,1940,1940,1940,1940,0
04-05-2021,1940,1940,1940,1940,1940,0
05-05-2021,1940,1940,1940,1940,1940,0
06-05-2021,1940,1940,1940,1940,1940,0
07-05-2021,1940,1940,1940,1940,1940,0
10-05-2021,1940,1940,1940,1940,1940,0
11-05-2021,1940,1940,1940,1940,1940,0
12-05-2021,1940,1940,1940,1940,1940,0
13-05-2021,1940,1940,1940,1940,1940,0
14-05-2021,1940,1940,1940,1940,1940,0
17-05-2021,1940,1940,1940,1940,1940,0
18-05-2021,1940,1940,1940,1940,1940,0
19-05-2021,1940,1940,1940,1940,1940,0
20-05-2021,1940,1940,1940,1940,1940,0
21-05-2021,1940,1940,1940,1940,1940,0
24-05-2021,1940,1940,1940,1940,1940,0
25-05-2021,1940,1940,1940,1940,1940,0
26-05-2021,1940,1940,1940,1940,1940,0
27-05-2021,1940,1940,1940,1940,1940,0
28-05-2021,1940,1940,1940,1940,1940,0
01-06-2021,1940,1940,1940,1940,1940,0
02-06-2021,1940,1940,1940,1940,1940,0
03-06-2021,1940,1940,1940,1940,1940,0
04-06-2021,1940,1940,1940,1940,1940,0
07-06-2021,1940,1940,1940,1940,1940,0
08-06-2021,1940,1940,1940,1940,1940,0
09-06-2021,1940,1940,1940,1940,1940,0
10-06-2021,1940,1940,1940,1940,1940,0
11-06-2021,1940,1940,1940,1940,1940,0
14-06-2021,1940,1940,1940,1940,1940,0
15-06-2021,1940,1940,1940,1940,1940,0
16-06-2021,1940,1940,1940,1940,1940,0
17-06-2021,1940,1940,1940,1940,1940,0
18-06-2021,1940,1940,1940,1940,1940,0
21-06-2021,1940,1940,1940,1940,1940,0
22-06-2021,1940,1940,1940,1940,1940,0
23-06-2021,1940,1940,1940,1940,1940,0
24-06-2021,1940,1940,1940,1940,1940,0
25-06-2021,1940,1940,1940,1940,1940,0
28-06-2021,1940,1940,1940,1940,1940,0
29-06-2021,1940,1940,1940,1940,1940,0
30-06-2021,1940,1940,1940,1940,1940,0
01-07-2021,1940,1940,1940,1940,1940,0
02-07-2021,1940,1940,1940,1940,1940,0
06-07-2021,1940,1940,1940,1940,1940,0
07-07-2021,1940,1940,1940,1940,1940,0
08-07-2021,1940,1940,1940,1940,1940,0
09-07-2021,1940,1940,1940,1940,1940,0
12-07-2021,1940,1940,1940,1940,1940,0
13-07-2021,1940,1940,1940,1940,1940,0
14-07-2021,1940,1940,1940,1940,1940,0
15-07-2021,1940,1940,1940,1940,1940,0
16-07-2021,1940,1940,1940,1940,1940,0
19-07-2021,1940,1940,1940,1940,1940,0
20-07-2021,1940,1940,1940,1940,1940,0
21-07-2021,1940,1940,1940,1940,1940,0
22-07-2021,1940,1940,1940,1940,1940,0
23-07-2021,1940,1940,1940,1940,1940,0
26-07-2021,1940,1940,1940,1940,1940,0
27-07-2021,1940,1940,1940,1940,1940,0
28-07-2021,1940,1940,1940,1940,1940,0
29-07-2021,1940,1940,1940,1940,1940,0
30-07-2021,1940,1940,1940,1940,1940,0
02-08-2021,1940,1940,1940,1940,1940,0
03-08-2021,1940,1940,1940,1940,1940,0
04-08-2021,1940,1940,1940,1940,1940,0
05-08-2021,1940,1940,1940,1940,1940,0
06-08-2021,1940,1940,1940,1940,1940,0
09-08-2021,1940,1940,1940,1940,1940,0
10-08-2021,1940,1940,1940,1940,1940,0
11-08-2021,1940,1940,1940,1940,1940,0
12-08-2021,1940,1940,1940,1940,1940,0
13-08-2021,1940,1940,1940,1940,1940,0
16-08-2021,1940,1940,1940,1940,1940,0
17-08-2021,1940,1940,1940,1940,1940,0
18-08-2021,1940,1940,1940,1940,1940,0
